language,type,global-speakers,parent-language
Latin (la),dead,0 (academic + Catholic liturgical use),Old Latin | Proto-Italic
Ancient Greek (grc),dead,0 (academic use only),Mycenaean Greek | Proto-Greek
Sanskrit (sa),dead,0 (academic + Hindu liturgical use),Vedic Sanskrit | Proto-Indo-Iranian
Old English (ang),dead,0 (academic use only),Proto-West Germanic
Old Norse (non),dead,0 (academic use only),Proto-Norse
Gothic (got),dead,0 (academic use only),Proto-Germanic
Sumerian (sux),dead,0 (academic use only),None (language isolate)
Akkadian (akk),dead,0 (academic use only),Proto-Semitic
Middle Egyptian (egy),dead,0 (academic use only),Old Egyptian | Proto-Afroasiatic
Old Church Slavonic (cu),dead,0 (academic + Orthodox liturgical use),Proto-Slavic
Hittite (hit),dead,0 (academic use only),Proto-Anatolian
Avestan (ae),dead,0 (academic + Zoroastrian liturgical use),Proto-Iranian
Old Persian (peo),dead,0 (academic use only),Proto-Iranian
Classical Syriac (syc),dead,0 (academic + Syriac Christian liturgical use),Aramaic
Ge'ez (gez),dead,0 (academic + Ethiopian Orthodox liturgical use),Proto-Ethiosemitic
Pali (pi),dead,0 (academic + Theravada Buddhist liturgical use),Prakrit | Sanskrit (sa)
Gaulish (xtg),dead,0 (academic use only),Proto-Celtic
Etruscan (ett),dead,0 (academic use only; script only partially deciphered),None (language isolate)
Classical Armenian / Grabar (xcl),dead,0 (academic + Armenian Apostolic liturgical use),Proto-Armenian
Middle Persian / Pahlavi (pal),dead,0 (academic + Zoroastrian liturgical use),Old Persian (peo)
Tocharian B (txb),dead,0 (academic use only),Proto-Tocharian
Ugaritic (uga),dead,0 (academic use only),Proto-Semitic
Phoenician (phn),dead,0 (academic use only),Proto-Semitic
Elamite (elx),dead,0 (academic use only),None (language isolate)
Coptic (cop),dead,0 (academic + Coptic Orthodox liturgical use),Demotic Egyptian | Middle Egyptian (egy)
Biblical Hebrew (hbo),dead,0 (academic + Jewish liturgical use),Phoenician (phn) | Proto-Semitic
Classical Nahuatl (nci),dead,0 (academic use only),Proto-Nahuan
